{"mu": 17.269088745117188, "sigma": 1.8799538612365723}