{"mu_y": 17.269088745117188, "sd_y": 1.8799538612365723, "mu_b": 42.88805389404297, "sd_b": 8.434366226196289}